"name","surname","initials","age","date_of_birth",""
"1","Ethan","Jeramy","E","70","23/08/1951"
"2","Alberta","Jerica","A","45","23/02/1977"
"3","John","Jerald","J","13","17/10/2008"
"4","Ethan","Peltier","E","82","13/12/1939"
"5","Alberta","Simpson","A","70","03/06/1952"
"6","Sarah","Jerica","S","8","13/05/2014"
"7","Jeramy","Cunningham","J","91","07/12/1930"
"8","Sarah","Thompson","S","96","15/10/1925"
"9","Michelle","Anderson","M","16","14/10/2005"
"10","Jeremy","Anderson","J","5","22/04/2017"
"11","Pedro","Simpson","P","93","30/04/1929"
"12","Luis","Sellers","L","44","30/07/1977"
"13","Michelle","Simpson","M","94","24/11/1927"
"14","Jere","Jeramy","J","88","26/12/1933"
"15","Jenny","Jerald","J","23","24/07/1998"
"16","Zoey","Jeremiah","Z","66","14/08/1955"
"17","Jere","Simpson","J","18","01/12/2003"
"18","Jennine","Jeramy","J","16","20/09/2005"
"19","Jeremy","Mercado","J","28","11/08/1993"
"20","Jere","Cunningham","J","79","13/09/1942"
"21","Christopher","Jere","C","16","01/11/2005"
"22","Jere","Johnson","J","42","27/08/1979"
"23","Jeremy","Tremblay","J","62","18/12/1959"
"24","Jerald","Jerilyn","J","51","14/02/1971"
"25","Jeramy","Jeri","J","17","01/12/2004"
"26","Michelle","Anderson","M","88","06/08/1933"
"27","Christopher","Tremblay","C","43","03/01/1979"
"28","Ryan","Johnson","R","56","25/12/1965"
"29","Samantha","Thompson","S","33","20/07/1988"
"30","Jeraldine","Jerilyn","J","77","21/07/1944"
"31","Jeramy","Walker","J","21","01/07/2000"
"32","Luis","Mercado","L","7","25/10/2014"
"33","Jeramy","Jerilyn","J","15","17/06/2007"
"34","Pedro","Jeremiah","P","47","22/02/1975"
"35","John","Cunningham","J","26","03/09/1995"
"36","John","Mercado","J","2","07/06/2020"
"37","Jenny","Simpson","J","7","24/08/2014"
"38","Christopher","Tremblay","C","88","08/08/1933"
"39","Jennine","Johnson","J","15","22/08/2006"
"40","Ryan","Jeramy","R","32","13/10/1989"
"41","John","Cunningham","J","18","18/04/2004"
"42","Jeremiah","Cunningham","J","19","03/02/2003"
"43","Jenny","Jeramy","J","85","14/12/1936"
"44","Jeramy","Jenny","J","54","27/03/1968"
"45","Jeremiah","Jerica","J","101","11/01/1921"
"46","Michelle","Tremblay","M","59","19/07/1962"
"47","Jeremiah","Johnson","J","32","07/08/1989"
"48","Jerald","Thompson","J","75","30/01/1947"
"49","Jeremiah","Walker","J","23","24/07/1998"
"50","Jere","Cunningham","J","20","15/10/2001"
"51","Alberta","Anderson","A","85","17/07/1936"
"52","Jeraldine","Jeri","J","36","25/05/1986"
"53","Christopher","Walker","C","76","05/01/1946"
"54","Albert","Walker","A","27","26/12/1994"
"55","Christopher","Jeremiah","C","4","05/02/2018"
"56","Alberta","Thompson","A","92","18/06/1930"
"57","John","Walker","J","85","31/02/1937"
"58","Juan","Thompson","J","67","07/08/1954"
"59","Jere","Jeremiah","J","48","19/07/1973"
"60","Jeremiah","Jeri","J","62","28/07/1959"
"61","Zoey","Jenny","Z","54","05/03/1968"
"62","Pedro","Simpson","P","22","19/10/1999"
"63","Albert","Tremblay","A","22","03/06/2000"
"64","Alberta","Tremblay","A","6","09/06/2016"
"65","Jere","Johnson","J","60","30/12/1961"
"66","Alberta","Mercado","A","6","09/04/2016"
"67","Jeraldine","Peltier","J","79","22/02/1943"
"68","Jere","Jerald","J","53","18/04/1969"
"69","Juan","Jere","J","43","28/05/1979"
"70","Pedro","Jeremy","P","77","11/11/1944"
"71","Jeraldine","Johnson","J","75","25/04/1947"
"72","Sarah","Simpson","S","7","07/11/2014"
"73","Pedro","Jeri","P","38","21/11/1983"
"74","Zoey","Jeri","Z","55","19/01/1967"
"75","Zoey","Peltier","Z","80","12/01/1942"
"76","Luis","Jeremy","L","24","03/09/1997"
"77","Samantha","Cunningham","S","73","24/01/1949"
"78","Jeraldine","Jenny","J","4","22/08/2017"
"79","Jeramy","Jeremiah","J","11","29/09/2010"
"80","Samantha","Jeramy","S","70","06/05/1952"
"81","Jeremiah","Walker","J","22","22/01/2000"
"82","Sarah","Cunningham","S","68","02/03/1954"
"83","Zoey","Thompson","Z","101","05/02/1921"
"84","Jeraldine","Cunningham","J","69","12/01/1953"
"85","Albert","Walker","A","53","06/01/1969"
"86","Alberta","Walker","A","30","07/08/1991"
"87","Jeremy","Simpson","J","56","08/05/1966"
"88","Ethan","Walker","E","44","21/07/1977"
"89","Juan","Jerica","J","19","31/08/2002"
"90","Jeremiah","Sellers","J","3","27/05/2019"
"91","Zoey","Jeri","Z","40","11/11/1981"
"92","Sarah","Thompson","S","44","20/11/1977"
"93","Jennine","Mercado","J","93","21/09/1928"
"94","Jeremiah","Jerilyn","J","88","10/06/1934"
"95","Jeremy","Cunningham","J","82","18/11/1939"
"96","Zoey","Jeremiah","Z","68","03/03/1954"
"97","Jennine","Johnson","J","53","31/12/1968"
"98","John","Thompson","J","10","29/04/2012"
"99","Albert","Jeremy","A","93","12/01/1929"
"100","Samantha","Anderson","S","78","19/12/1943"
